date,close,high,low,open,volume,adjClose,adjHigh,adjLow,adjOpen,adjVolume,divCash,splitFactor
2023-12-11 00:00:00,0.979,0.983,0.964,0.978,92448600,0.979,0.983,0.964,0.978,92448600,0.0,1.0
2023-12-12 00:00:00,0.992,0.992,0.976,0.979,117479600,0.992,0.992,0.976,0.979,117479600,0.0,1.0
2023-12-13 00:00:00,0.981,0.992,0.979,0.992,41812800,0.981,0.992,0.979,0.992,41812800,0.0,1.0
2023-12-14 00:00:00,0.984,0.991,0.984,0.986,45774400,0.984,0.991,0.984,0.986,45774400,0.0,1.0
2023-12-15 00:00:00,0.997,1.004,0.986,0.991,225308400,0.997,1.004,0.986,0.991,225308400,0.0,1.0
2023-12-18 00:00:00,0.996,1.0,0.991,0.996,88337100,0.996,1.0,0.991,0.996,88337100,0.0,1.0
2023-12-19 00:00:00,0.992,0.997,0.992,0.995,60676700,0.992,0.997,0.992,0.995,60676700,0.0,1.0
2023-12-20 00:00:00,0.997,0.999,0.993,0.995,165869500,0.997,0.999,0.993,0.995,165869500,0.0,1.0
2023-12-21 00:00:00,1.001,1.002,0.991,0.997,76892700,1.001,1.002,0.991,0.997,76892700,0.0,1.0
2023-12-22 00:00:00,1.0,1.005,0.995,0.999,103924600,1.0,1.005,0.995,0.999,103924600,0.0,1.0
2023-12-25 00:00:00,1.0,1.002,0.996,0.997,12994500,1.0,1.002,0.996,0.997,12994500,0.0,1.0
2023-12-26 00:00:00,0.997,1.004,0.996,1.004,9949700,0.997,1.004,0.996,1.004,9949700,0.0,1.0
2023-12-27 00:00:00,1.007,1.014,0.998,0.998,156081100,1.007,1.014,0.998,0.998,156081100,0.0,1.0
2023-12-28 00:00:00,1.019,1.021,1.008,1.008,139447500,1.019,1.021,1.008,1.008,139447500,0.0,1.0
2023-12-29 00:00:00,1.018,1.021,1.014,1.019,56273800,1.018,1.021,1.014,1.019,56273800,0.0,1.0
2024-01-01 00:00:00,1.018,1.018,1.018,1.018,0,1.018,1.018,1.018,1.018,0,0.0,1.0
2024-01-02 00:00:00,1.018,1.024,1.015,1.018,51021400,1.018,1.024,1.015,1.018,51021400,0.0,1.0
2024-01-03 00:00:00,1.021,1.023,1.015,1.015,46216300,1.021,1.023,1.015,1.015,46216300,0.0,1.0
2024-01-04 00:00:00,1.023,1.025,1.021,1.021,58101700,1.023,1.025,1.021,1.021,58101700,0.0,1.0
2024-01-05 00:00:00,1.029,1.041,1.021,1.023,144734200,1.029,1.041,1.021,1.023,144734200,0.0,1.0
2024-01-08 00:00:00,1.01,1.036,1.008,1.029,104737200,1.01,1.036,1.008,1.029,104737200,0.0,1.0
2024-01-09 00:00:00,1.015,1.018,1.009,1.01,77447100,1.015,1.018,1.009,1.01,77447100,0.0,1.0
2024-01-10 00:00:00,1.006,1.016,1.005,1.015,55832900,1.006,1.016,1.005,1.015,55832900,0.0,1.0
2024-01-11 00:00:00,1.012,1.015,1.003,1.007,33674100,1.012,1.015,1.003,1.007,33674100,0.0,1.0
2024-01-12 00:00:00,1.012,1.018,1.008,1.01,33341200,1.012,1.018,1.008,1.01,33341200,0.0,1.0
2024-01-15 00:00:00,1.019,1.025,1.011,1.014,71937700,1.019,1.025,1.011,1.014,71937700,0.0,1.0
2024-01-16 00:00:00,1.012,1.027,1.011,1.018,67831200,1.012,1.027,1.011,1.018,67831200,0.0,1.0
2024-01-17 00:00:00,0.984,1.011,0.982,1.01,94297200,0.984,1.011,0.982,1.01,94297200,0.0,1.0
2024-01-18 00:00:00,0.988,0.99,0.977,0.983,49221800,0.988,0.99,0.977,0.983,49221800,0.0,1.0
2024-01-19 00:00:00,0.975,0.99,0.975,0.989,48051200,0.975,0.99,0.975,0.989,48051200,0.0,1.0
2024-01-22 00:00:00,0.949,0.978,0.945,0.975,115802600,0.949,0.978,0.945,0.975,115802600,0.0,1.0
2024-01-23 00:00:00,0.97,0.977,0.949,0.952,51131100,0.97,0.977,0.949,0.952,51131100,0.0,1.0
2024-01-24 00:00:00,0.988,0.99,0.973,0.974,49712500,0.988,0.99,0.973,0.974,49712500,0.0,1.0
2024-01-25 00:00:00,1.028,1.03,0.991,0.995,178928300,1.028,1.03,0.991,0.995,178928300,0.0,1.0
2024-01-26 00:00:00,1.033,1.041,1.024,1.028,108492000,1.033,1.041,1.024,1.028,108492000,0.0,1.0
2024-01-29 00:00:00,1.033,1.048,1.033,1.033,151809100,1.033,1.048,1.033,1.033,151809100,0.0,1.0
2024-01-30 00:00:00,1.014,1.033,1.013,1.033,84887800,1.014,1.033,1.013,1.033,84887800,0.0,1.0
2024-01-31 00:00:00,1.009,1.022,1.007,1.011,75729500,1.009,1.022,1.007,1.011,75729500,0.0,1.0
2024-02-01 00:00:00,1.007,1.018,1.005,1.009,67076900,1.007,1.018,1.005,1.009,67076900,0.0,1.0
2024-02-02 00:00:00,1.013,1.029,1.006,1.009,103320900,1.013,1.029,1.006,1.009,103320900,0.0,1.0
2024-02-05 00:00:00,1.012,1.018,1.002,1.011,75380300,1.012,1.018,1.002,1.011,75380300,0.0,1.0
2024-02-06 00:00:00,1.029,1.034,1.011,1.011,55423300,1.029,1.034,1.011,1.011,55423300,0.0,1.0
2024-02-07 00:00:00,1.04,1.045,1.029,1.035,81640400,1.04,1.045,1.029,1.035,81640400,0.0,1.0
2024-02-08 00:00:00,1.025,1.11,1.016,1.11,93728500,1.025,1.11,1.016,1.11,93728500,0.0,1.0
2024-02-19 00:00:00,1.049,1.056,1.028,1.031,86748700,1.049,1.056,1.028,1.031,86748700,0.0,1.0
2024-02-20 00:00:00,1.052,1.056,1.044,1.046,52996500,1.052,1.056,1.044,1.046,52996500,0.0,1.0
2024-02-21 00:00:00,1.061,1.078,1.05,1.051,117526800,1.061,1.078,1.05,1.051,117526800,0.0,1.0
2024-02-22 00:00:00,1.08,1.092,1.053,1.059,137709100,1.08,1.092,1.053,1.059,137709100,0.0,1.0
2024-02-23 00:00:00,1.084,1.095,1.081,1.083,101059900,1.084,1.095,1.081,1.083,101059900,0.0,1.0
2024-02-26 00:00:00,1.066,1.082,1.066,1.079,77558550,1.066,1.082,1.066,1.079,77558550,0.0,1.0
2024-02-27 00:00:00,1.069,1.074,1.061,1.065,94281400,1.069,1.074,1.061,1.065,94281400,0.0,1.0
2024-02-28 00:00:00,1.071,1.082,1.068,1.07,109203800,1.071,1.082,1.068,1.07,109203800,0.0,1.0
2024-02-29 00:00:00,1.063,1.071,1.06,1.066,62067400,1.063,1.071,1.06,1.066,62067400,0.0,1.0
2024-03-01 00:00:00,1.052,1.064,1.048,1.063,61420500,1.052,1.064,1.048,1.063,61420500,0.0,1.0
2024-03-04 00:00:00,1.051,1.056,1.046,1.053,80607800,1.051,1.056,1.046,1.053,80607800,0.0,1.0
2024-03-05 00:00:00,1.045,1.051,1.037,1.046,79119000,1.045,1.051,1.037,1.046,79119000,0.0,1.0
2024-03-06 00:00:00,1.049,1.052,1.038,1.046,118777000,1.049,1.052,1.038,1.046,118777000,0.0,1.0
2024-03-07 00:00:00,1.054,1.067,1.049,1.05,76247800,1.054,1.067,1.049,1.05,76247800,0.0,1.0
2024-03-08 00:00:00,1.067,1.069,1.054,1.054,48831000,1.067,1.069,1.054,1.054,48831000,0.0,1.0
2024-03-11 00:00:00,1.056,1.074,1.054,1.067,90861400,1.056,1.074,1.054,1.067,90861400,0.0,1.0
2024-03-12 00:00:00,1.068,1.069,1.051,1.058,123862300,1.068,1.069,1.051,1.058,123862300,0.0,1.0
2024-03-13 00:00:00,1.065,1.069,1.058,1.068,99094200,1.065,1.069,1.058,1.068,99094200,0.0,1.0
2024-03-14 00:00:00,1.065,1.073,1.062,1.065,69128300,1.065,1.073,1.062,1.065,69128300,0.0,1.0
2024-03-15 00:00:00,1.056,1.065,1.051,1.063,44210200,1.056,1.065,1.051,1.063,44210200,0.0,1.0
2024-03-18 00:00:00,1.06,1.064,1.055,1.057,74251700,1.06,1.064,1.055,1.057,74251700,0.0,1.0
2024-03-19 00:00:00,1.053,1.064,1.05,1.057,81542700,1.053,1.064,1.05,1.057,81542700,0.0,1.0
2024-03-20 00:00:00,1.054,1.057,1.051,1.052,31176800,1.054,1.057,1.051,1.052,31176800,0.0,1.0
2024-03-21 00:00:00,1.072,1.074,1.057,1.057,67713400,1.072,1.074,1.057,1.057,67713400,0.0,1.0
2024-03-22 00:00:00,1.059,1.07,1.058,1.068,103965500,1.059,1.07,1.058,1.068,103965500,0.0,1.0
2024-03-25 00:00:00,1.06,1.066,1.056,1.056,50194300,1.06,1.066,1.056,1.056,50194300,0.0,1.0
2024-03-26 00:00:00,1.053,1.062,1.044,1.061,75252200,1.053,1.062,1.044,1.061,75252200,0.0,1.0
2024-03-27 00:00:00,1.04,1.052,1.037,1.052,74900190,1.04,1.052,1.037,1.052,74900190,0.0,1.0
2024-03-28 00:00:00,1.036,1.041,1.024,1.038,113029080,1.036,1.041,1.024,1.038,113029080,0.0,1.0
2024-03-29 00:00:00,1.041,1.042,1.034,1.036,22391600,1.041,1.042,1.034,1.036,22391600,0.0,1.0
2024-04-01 00:00:00,1.047,1.048,1.038,1.041,15961300,1.047,1.048,1.038,1.041,15961300,0.0,1.0
2024-04-02 00:00:00,1.052,1.06,1.046,1.047,45486100,1.052,1.06,1.046,1.047,45486100,0.0,1.0
2024-04-03 00:00:00,1.047,1.053,1.045,1.051,30310700,1.047,1.053,1.045,1.051,30310700,0.0,1.0
2024-04-08 00:00:00,1.045,1.054,1.031,1.041,41556500,1.045,1.054,1.031,1.041,41556500,0.0,1.0
2024-04-09 00:00:00,1.049,1.055,1.045,1.045,37466700,1.049,1.055,1.045,1.045,37466700,0.0,1.0
2024-04-10 00:00:00,1.054,1.056,1.048,1.05,86069100,1.054,1.056,1.048,1.05,86069100,0.0,1.0
2024-04-11 00:00:00,1.055,1.057,1.044,1.045,74374200,1.055,1.057,1.044,1.045,74374200,0.0,1.0
2024-04-12 00:00:00,1.037,1.054,1.036,1.054,60229200,1.037,1.054,1.036,1.054,60229200,0.0,1.0
2024-04-15 00:00:00,1.043,1.05,1.031,1.033,77274700,1.043,1.05,1.031,1.033,77274700,0.0,1.0
2024-04-16 00:00:00,1.04,1.048,1.037,1.041,56780000,1.04,1.048,1.037,1.041,56780000,0.0,1.0
2024-04-17 00:00:00,1.042,1.044,1.035,1.041,48094300,1.042,1.044,1.035,1.041,48094300,0.0,1.0
2024-04-18 00:00:00,1.047,1.055,1.038,1.041,86090700,1.047,1.055,1.038,1.041,86090700,0.0,1.0
2024-04-19 00:00:00,1.046,1.047,1.037,1.045,86772100,1.046,1.047,1.037,1.045,86772100,0.0,1.0
2024-04-22 00:00:00,1.048,1.062,1.048,1.051,67341600,1.048,1.062,1.048,1.051,67341600,0.0,1.0
2024-04-23 00:00:00,1.048,1.057,1.044,1.05,67263210,1.048,1.057,1.044,1.05,67263210,0.0,1.0
2024-04-24 00:00:00,1.067,1.07,1.052,1.053,97776400,1.067,1.07,1.052,1.053,97776400,0.0,1.0
2024-04-25 00:00:00,1.075,1.08,1.065,1.068,107738800,1.075,1.08,1.065,1.068,107738800,0.0,1.0
2024-04-26 00:00:00,1.084,1.086,1.076,1.079,113128000,1.084,1.086,1.076,1.079,113128000,0.0,1.0
2024-04-29 00:00:00,1.105,1.108,1.075,1.083,586314900,1.105,1.108,1.075,1.083,586314900,0.0,1.0
2024-04-30 00:00:00,1.095,1.109,1.093,1.104,50270000,1.095,1.109,1.093,1.104,50270000,0.0,1.0
2024-05-06 00:00:00,1.105,1.109,1.1,1.108,37343100,1.105,1.109,1.1,1.108,37343100,0.0,1.0
2024-05-07 00:00:00,1.103,1.112,1.101,1.102,106644500,1.103,1.112,1.101,1.102,106644500,0.0,1.0
2024-05-08 00:00:00,1.101,1.114,1.1,1.103,53315700,1.101,1.114,1.1,1.103,53315700,0.0,1.0
2024-05-09 00:00:00,1.111,1.116,1.101,1.101,53542200,1.111,1.116,1.101,1.101,53542200,0.0,1.0
2024-05-10 00:00:00,1.17,1.171,1.121,1.122,238693500,1.17,1.171,1.121,1.122,238693500,0.0,1.0
2024-05-13 00:00:00,1.179,1.184,1.166,1.17,139269400,1.179,1.184,1.166,1.17,139269400,0.0,1.0
2024-05-14 00:00:00,1.17,1.187,1.167,1.178,94568000,1.17,1.187,1.167,1.178,94568000,0.0,1.0
2024-05-15 00:00:00,1.161,1.17,1.157,1.166,58267900,1.161,1.17,1.157,1.166,58267900,0.0,1.0
2024-05-16 00:00:00,1.188,1.196,1.163,1.163,177548500,1.188,1.196,1.163,1.163,177548500,0.0,1.0
2024-05-17 00:00:00,1.201,1.208,1.188,1.192,145884100,1.201,1.208,1.188,1.192,145884100,0.0,1.0
2024-05-20 00:00:00,1.208,1.214,1.204,1.205,62581300,1.208,1.214,1.204,1.205,62581300,0.0,1.0
2024-05-21 00:00:00,1.191,1.208,1.189,1.204,112319260,1.191,1.208,1.189,1.204,112319260,0.0,1.0
2024-05-22 00:00:00,1.195,1.202,1.191,1.191,57591600,1.195,1.202,1.191,1.191,57591600,0.0,1.0
2024-05-23 00:00:00,1.182,1.193,1.172,1.192,64830500,1.182,1.193,1.172,1.192,64830500,0.0,1.0
2024-05-24 00:00:00,1.167,1.185,1.167,1.176,56256350,1.167,1.185,1.167,1.176,56256350,0.0,1.0
2024-05-27 00:00:00,1.192,1.195,1.172,1.173,94830100,1.192,1.195,1.172,1.173,94830100,0.0,1.0
2024-05-28 00:00:00,1.189,1.215,1.188,1.194,189204800,1.189,1.215,1.188,1.194,189204800,0.0,1.0
2024-05-29 00:00:00,1.175,1.191,1.17,1.189,72681100,1.175,1.191,1.17,1.189,72681100,0.0,1.0
2024-05-30 00:00:00,1.155,1.178,1.152,1.17,64124600,1.155,1.178,1.152,1.17,64124600,0.0,1.0
2024-05-31 00:00:00,1.162,1.173,1.158,1.163,68421200,1.162,1.173,1.158,1.163,68421200,0.0,1.0
2024-06-03 00:00:00,1.169,1.177,1.161,1.162,52965000,1.169,1.177,1.161,1.162,52965000,0.0,1.0
2024-06-04 00:00:00,1.172,1.173,1.157,1.168,39569400,1.172,1.173,1.157,1.168,39569400,0.0,1.0
2024-06-05 00:00:00,1.158,1.18,1.157,1.177,48079600,1.158,1.18,1.157,1.177,48079600,0.0,1.0
2024-06-06 00:00:00,1.161,1.176,1.16,1.164,42539100,1.161,1.176,1.16,1.164,42539100,0.0,1.0
2024-06-07 00:00:00,1.166,1.173,1.161,1.165,42803900,1.166,1.173,1.161,1.165,42803900,0.0,1.0
2024-06-11 00:00:00,1.145,1.164,1.134,1.161,69404900,1.145,1.164,1.134,1.161,69404900,0.0,1.0
2024-06-12 00:00:00,1.14,1.146,1.127,1.146,34224100,1.14,1.146,1.127,1.146,34224100,0.0,1.0
2024-06-13 00:00:00,1.142,1.149,1.139,1.143,37421600,1.142,1.149,1.139,1.143,37421600,0.0,1.0
2024-06-14 00:00:00,1.148,1.156,1.14,1.141,22661100,1.148,1.156,1.14,1.141,22661100,0.0,1.0
2024-06-17 00:00:00,1.136,1.149,1.133,1.149,34094400,1.136,1.149,1.133,1.149,34094400,0.0,1.0
2024-06-18 00:00:00,1.147,1.148,1.133,1.14,50891600,1.147,1.148,1.133,1.14,50891600,0.0,1.0
2024-06-19 00:00:00,1.173,1.177,1.148,1.149,155371900,1.173,1.177,1.148,1.149,155371900,0.0,1.0
2024-06-20 00:00:00,1.174,1.189,1.174,1.175,100334700,1.174,1.189,1.174,1.175,100334700,0.0,1.0
2024-06-21 00:00:00,1.162,1.174,1.158,1.172,52001500,1.162,1.174,1.158,1.172,52001500,0.0,1.0
2024-06-24 00:00:00,1.15,1.159,1.146,1.158,47212900,1.15,1.159,1.146,1.158,47212900,0.0,1.0
2024-06-25 00:00:00,1.157,1.17,1.155,1.156,63598900,1.157,1.17,1.155,1.156,63598900,0.0,1.0
2024-06-26 00:00:00,1.169,1.171,1.146,1.156,76122700,1.169,1.171,1.146,1.156,76122700,0.0,1.0
2024-06-27 00:00:00,1.147,1.168,1.146,1.166,60431700,1.147,1.168,1.146,1.166,60431700,0.0,1.0
2024-06-28 00:00:00,1.171,1.175,1.147,1.147,74632900,1.171,1.175,1.147,1.147,74632900,0.0,1.0
2024-07-01 00:00:00,1.188,1.192,1.168,1.171,70279600,1.188,1.192,1.168,1.171,70279600,0.0,1.0
2024-07-02 00:00:00,1.185,1.197,1.181,1.189,128391200,1.185,1.197,1.181,1.189,128391200,0.0,1.0
2024-07-03 00:00:00,1.194,1.199,1.186,1.188,119951900,1.194,1.199,1.186,1.188,119951900,0.0,1.0
2024-07-04 00:00:00,1.199,1.205,1.194,1.199,58416100,1.199,1.205,1.194,1.199,58416100,0.0,1.0
2024-07-05 00:00:00,1.188,1.204,1.181,1.195,65884700,1.188,1.204,1.181,1.195,65884700,0.0,1.0
2024-07-08 00:00:00,1.179,1.189,1.176,1.186,51188000,1.179,1.189,1.176,1.186,51188000,0.0,1.0
2024-07-09 00:00:00,1.18,1.184,1.169,1.179,41098200,1.18,1.184,1.169,1.179,41098200,0.0,1.0
2024-07-10 00:00:00,1.164,1.182,1.161,1.182,90301500,1.164,1.182,1.161,1.182,90301500,0.0,1.0
2024-07-11 00:00:00,1.18,1.18,1.167,1.167,53732000,1.18,1.18,1.167,1.167,53732000,0.0,1.0
2024-07-12 00:00:00,1.195,1.199,1.182,1.182,42227700,1.195,1.199,1.182,1.182,42227700,0.0,1.0
2024-07-15 00:00:00,1.189,1.202,1.188,1.197,86853900,1.189,1.202,1.188,1.197,86853900,0.0,1.0
2024-07-16 00:00:00,1.182,1.191,1.177,1.188,51358500,1.182,1.191,1.177,1.188,51358500,0.0,1.0
2024-07-17 00:00:00,1.169,1.183,1.166,1.182,81386900,1.169,1.183,1.166,1.182,81386900,0.0,1.0
2024-07-18 00:00:00,1.172,1.177,1.165,1.168,179791000,1.172,1.177,1.165,1.168,179791000,0.0,1.0
2024-07-19 00:00:00,1.145,1.17,1.143,1.17,88064600,1.145,1.17,1.143,1.17,88064600,0.0,1.0
2024-07-22 00:00:00,1.15,1.153,1.132,1.145,76286800,1.15,1.153,1.132,1.145,76286800,0.0,1.0
2024-07-23 00:00:00,1.157,1.172,1.15,1.151,82314600,1.157,1.172,1.15,1.151,82314600,0.0,1.0
2024-07-24 00:00:00,1.163,1.167,1.154,1.158,83539300,1.163,1.167,1.154,1.158,83539300,0.0,1.0
2024-07-25 00:00:00,1.143,1.165,1.139,1.164,79896200,1.143,1.165,1.139,1.164,79896200,0.0,1.0
2024-07-26 00:00:00,1.135,1.152,1.13,1.148,96962600,1.135,1.152,1.13,1.148,96962600,0.0,1.0
2024-07-29 00:00:00,1.155,1.156,1.136,1.138,59412900,1.155,1.156,1.136,1.138,59412900,0.0,1.0
2024-07-30 00:00:00,1.138,1.15,1.136,1.15,68872900,1.138,1.15,1.136,1.15,68872900,0.0,1.0
2024-07-31 00:00:00,1.148,1.151,1.133,1.14,69387300,1.148,1.151,1.133,1.14,69387300,0.0,1.0
2024-08-01 00:00:00,1.156,1.16,1.14,1.146,44220100,1.156,1.16,1.14,1.146,44220100,0.0,1.0
2024-08-02 00:00:00,1.142,1.152,1.136,1.152,64284300,1.142,1.152,1.136,1.152,64284300,0.0,1.0
2024-08-05 00:00:00,1.115,1.137,1.102,1.137,94234860,1.115,1.137,1.102,1.137,94234860,0.0,1.0
2024-08-06 00:00:00,1.111,1.124,1.107,1.115,39729220,1.111,1.124,1.107,1.115,39729220,0.0,1.0
2024-08-07 00:00:00,1.122,1.132,1.109,1.11,75681160,1.122,1.132,1.109,1.11,75681160,0.0,1.0
2024-08-08 00:00:00,1.134,1.135,1.118,1.123,48065300,1.134,1.135,1.118,1.123,48065300,0.0,1.0
2024-08-09 00:00:00,1.134,1.145,1.133,1.135,55868300,1.134,1.145,1.133,1.135,55868300,0.0,1.0
2024-08-12 00:00:00,1.131,1.136,1.127,1.134,50370300,1.131,1.136,1.127,1.134,50370300,0.0,1.0
2024-08-13 00:00:00,1.138,1.139,1.131,1.132,43002070,1.138,1.139,1.131,1.132,43002070,0.0,1.0
2024-08-14 00:00:00,1.133,1.14,1.132,1.14,44180900,1.133,1.14,1.132,1.14,44180900,0.0,1.0
2024-08-15 00:00:00,1.139,1.15,1.127,1.132,73388500,1.139,1.15,1.127,1.132,73388500,0.0,1.0
2024-08-16 00:00:00,1.145,1.153,1.141,1.141,66406200,1.145,1.153,1.141,1.141,66406200,0.0,1.0
2024-08-19 00:00:00,1.158,1.16,1.145,1.147,62381700,1.158,1.16,1.145,1.147,62381700,0.0,1.0
2024-08-20 00:00:00,1.145,1.165,1.143,1.162,46265400,1.145,1.165,1.143,1.162,46265400,0.0,1.0
2024-08-21 00:00:00,1.138,1.143,1.133,1.14,41500500,1.138,1.143,1.133,1.14,41500500,0.0,1.0
2024-08-22 00:00:00,1.14,1.141,1.134,1.14,32738300,1.14,1.141,1.134,1.14,32738300,0.0,1.0
2024-08-23 00:00:00,1.142,1.144,1.137,1.139,38936070,1.142,1.144,1.137,1.139,38936070,0.0,1.0
2024-08-26 00:00:00,1.157,1.159,1.143,1.146,71283000,1.157,1.159,1.143,1.146,71283000,0.0,1.0
2024-08-27 00:00:00,1.164,1.168,1.155,1.157,74287800,1.164,1.168,1.155,1.157,74287800,0.0,1.0
2024-08-28 00:00:00,1.16,1.169,1.157,1.161,60831600,1.16,1.169,1.157,1.161,60831600,0.0,1.0
2024-08-29 00:00:00,1.152,1.164,1.15,1.155,64777600,1.152,1.164,1.15,1.155,64777600,0.0,1.0
2024-08-30 00:00:00,1.162,1.167,1.153,1.156,55924500,1.162,1.167,1.153,1.156,55924500,0.0,1.0
2024-09-02 00:00:00,1.141,1.159,1.138,1.159,91071400,1.141,1.159,1.138,1.159,91071400,0.0,1.0
2024-09-03 00:00:00,1.135,1.145,1.129,1.144,78645200,1.135,1.145,1.129,1.144,78645200,0.0,1.0
2024-09-04 00:00:00,1.117,1.129,1.114,1.129,102355400,1.117,1.129,1.114,1.129,102355400,0.0,1.0
2024-09-05 00:00:00,1.119,1.124,1.117,1.119,53602600,1.119,1.124,1.117,1.119,53602600,0.0,1.0
2024-09-06 00:00:00,1.116,1.126,1.116,1.123,11645600,1.116,1.126,1.116,1.123,11645600,0.0,1.0
2024-09-09 00:00:00,1.1,1.12,1.096,1.115,46440600,1.1,1.12,1.096,1.115,46440600,0.0,1.0
2024-09-10 00:00:00,1.107,1.108,1.097,1.1,61251100,1.107,1.108,1.097,1.1,61251100,0.0,1.0
2024-09-11 00:00:00,1.083,1.103,1.079,1.103,119593500,1.083,1.103,1.079,1.103,119593500,0.0,1.0
2024-09-12 00:00:00,1.099,1.1,1.081,1.087,66235100,1.099,1.1,1.081,1.087,66235100,0.0,1.0
2024-09-13 00:00:00,1.105,1.113,1.098,1.1,48969500,1.105,1.113,1.098,1.1,48969500,0.0,1.0
2024-09-18 00:00:00,1.127,1.128,1.116,1.118,51230300,1.127,1.128,1.116,1.118,51230300,0.0,1.0
2024-09-19 00:00:00,1.134,1.134,1.134,1.134,96100,1.134,1.134,1.134,1.134,96100,0.0,1.0
2024-09-20 00:00:00,1.134,1.15,1.128,1.136,82812400,1.134,1.15,1.128,1.136,82812400,0.0,1.0
2024-09-23 00:00:00,1.146,1.152,1.134,1.134,73709800,1.146,1.152,1.134,1.134,73709800,0.0,1.0
2024-09-24 00:00:00,1.181,1.182,1.158,1.158,145271900,1.181,1.182,1.158,1.158,145271900,0.0,1.0
2024-09-25 00:00:00,1.187,1.234,1.186,1.199,236868600,1.187,1.234,1.186,1.199,236868600,0.0,1.0
2024-09-26 00:00:00,1.211,1.219,1.181,1.187,123674100,1.211,1.219,1.181,1.187,123674100,0.0,1.0
2024-09-27 00:00:00,1.229,1.245,1.207,1.229,96530200,1.229,1.245,1.207,1.229,96530200,0.0,1.0
2024-09-30 00:00:00,1.262,1.28,1.229,1.258,216531740,1.262,1.28,1.229,1.258,216531740,0.0,1.0
2024-10-08 00:00:00,1.289,1.388,1.258,1.388,241684200,1.289,1.388,1.258,1.388,241684200,0.0,1.0
2024-10-09 00:00:00,1.208,1.288,1.197,1.266,389520970,1.208,1.288,1.197,1.266,389520970,0.0,1.0
2024-10-10 00:00:00,1.265,1.291,1.225,1.225,154440000,1.265,1.291,1.225,1.225,154440000,0.0,1.0
2024-10-11 00:00:00,1.244,1.278,1.232,1.277,156235900,1.244,1.278,1.232,1.277,156235900,0.0,1.0
2024-10-14 00:00:00,1.285,1.292,1.251,1.266,239341000,1.285,1.292,1.251,1.266,239341000,0.0,1.0
2024-10-15 00:00:00,1.246,1.287,1.244,1.274,74149300,1.246,1.287,1.244,1.274,74149300,0.0,1.0
2024-10-16 00:00:00,1.265,1.272,1.232,1.233,168356900,1.265,1.272,1.232,1.233,168356900,0.0,1.0
2024-10-17 00:00:00,1.248,1.285,1.248,1.272,120306950,1.248,1.285,1.248,1.272,120306950,0.0,1.0
2024-10-18 00:00:00,1.274,1.285,1.247,1.255,125020000,1.274,1.285,1.247,1.255,125020000,0.0,1.0
2024-10-21 00:00:00,1.267,1.282,1.262,1.282,67925000,1.267,1.282,1.262,1.282,67925000,0.0,1.0
2024-10-22 00:00:00,1.265,1.277,1.258,1.267,86911300,1.265,1.277,1.258,1.267,86911300,0.0,1.0
2024-10-23 00:00:00,1.272,1.286,1.265,1.269,134221680,1.272,1.286,1.265,1.269,134221680,0.0,1.0
2024-10-24 00:00:00,1.267,1.273,1.261,1.271,71806800,1.267,1.273,1.261,1.271,71806800,0.0,1.0
2024-10-25 00:00:00,1.261,1.274,1.261,1.273,109377300,1.261,1.274,1.261,1.273,109377300,0.0,1.0
2024-10-28 00:00:00,1.265,1.272,1.255,1.259,166420100,1.265,1.272,1.255,1.259,166420100,0.0,1.0
2024-10-29 00:00:00,1.256,1.273,1.255,1.27,133366000,1.256,1.273,1.255,1.27,133366000,0.0,1.0
2024-10-30 00:00:00,1.238,1.261,1.235,1.26,184820380,1.238,1.261,1.235,1.26,184820380,0.0,1.0
2024-10-31 00:00:00,1.231,1.25,1.229,1.239,149712600,1.231,1.25,1.229,1.239,149712600,0.0,1.0
2024-11-01 00:00:00,1.243,1.257,1.233,1.235,173125600,1.243,1.257,1.233,1.235,173125600,0.0,1.0
2024-11-04 00:00:00,1.245,1.256,1.235,1.247,203221900,1.245,1.256,1.235,1.247,203221900,0.0,1.0
2024-11-05 00:00:00,1.262,1.268,1.242,1.243,175281600,1.262,1.268,1.242,1.243,175281600,0.0,1.0
2024-11-06 00:00:00,1.255,1.272,1.252,1.262,170528500,1.255,1.272,1.252,1.262,170528500,0.0,1.0
2024-11-07 00:00:00,1.285,1.289,1.256,1.256,178438900,1.285,1.289,1.256,1.256,178438900,0.0,1.0
2024-11-08 00:00:00,1.272,1.302,1.269,1.295,89974000,1.272,1.302,1.269,1.295,89974000,0.0,1.0
2024-11-11 00:00:00,1.253,1.263,1.248,1.263,115893800,1.253,1.263,1.248,1.263,115893800,0.0,1.0
2024-11-12 00:00:00,1.231,1.268,1.227,1.255,115574800,1.231,1.268,1.227,1.255,115574800,0.0,1.0
2024-11-13 00:00:00,1.23,1.24,1.225,1.231,104033400,1.23,1.24,1.225,1.231,104033400,0.0,1.0
2024-11-14 00:00:00,1.22,1.236,1.219,1.231,49901620,1.22,1.236,1.219,1.231,49901620,0.0,1.0
2024-11-15 00:00:00,1.229,1.236,1.22,1.22,140910000,1.229,1.236,1.22,1.22,140910000,0.0,1.0
2024-11-18 00:00:00,1.239,1.257,1.234,1.234,121825600,1.239,1.257,1.234,1.234,121825600,0.0,1.0
2024-11-19 00:00:00,1.247,1.25,1.242,1.245,110922400,1.247,1.25,1.242,1.245,110922400,0.0,1.0
2024-11-20 00:00:00,1.249,1.255,1.242,1.244,94649200,1.249,1.255,1.242,1.244,94649200,0.0,1.0
2024-11-21 00:00:00,1.246,1.252,1.246,1.248,51200900,1.246,1.252,1.246,1.248,51200900,0.0,1.0
2024-11-22 00:00:00,1.212,1.25,1.211,1.246,67546600,1.212,1.25,1.211,1.246,67546600,0.0,1.0
2024-11-25 00:00:00,1.215,1.222,1.21,1.216,71719200,1.215,1.222,1.21,1.216,71719200,0.0,1.0
2024-11-26 00:00:00,1.209,1.217,1.206,1.212,41073800,1.209,1.217,1.206,1.212,41073800,0.0,1.0
2024-11-27 00:00:00,1.219,1.22,1.206,1.213,29516400,1.219,1.22,1.206,1.213,29516400,0.0,1.0
2024-11-28 00:00:00,1.216,1.222,1.212,1.22,33738100,1.216,1.222,1.212,1.22,33738100,0.0,1.0
2024-11-29 00:00:00,1.213,1.225,1.212,1.216,77777600,1.213,1.225,1.212,1.216,77777600,0.0,1.0
2024-12-02 00:00:00,1.224,1.233,1.216,1.218,81658300,1.224,1.233,1.216,1.218,81658300,0.0,1.0
2024-12-03 00:00:00,1.254,1.255,1.225,1.225,148817000,1.254,1.255,1.225,1.225,148817000,0.0,1.0
2024-12-04 00:00:00,1.25,1.257,1.24,1.257,143941700,1.25,1.257,1.24,1.257,143941700,0.0,1.0
2024-12-05 00:00:00,1.246,1.251,1.244,1.249,203052500,1.246,1.251,1.244,1.249,203052500,0.0,1.0
2024-12-06 00:00:00,1.262,1.266,1.249,1.249,93681200,1.262,1.266,1.249,1.249,93681200,0.0,1.0
2024-12-09 00:00:00,1.259,1.272,1.252,1.263,147920200,1.259,1.272,1.252,1.263,147920200,0.0,1.0
2024-12-10 00:00:00,1.271,1.304,1.269,1.3,139029700,1.271,1.304,1.269,1.3,139029700,0.0,1.0
2024-12-11 00:00:00,1.273,1.282,1.269,1.276,110515800,1.273,1.282,1.269,1.276,110515800,0.0,1.0
2024-12-12 00:00:00,1.29,1.291,1.269,1.272,66983200,1.29,1.291,1.269,1.272,66983200,0.0,1.0
2024-12-13 00:00:00,1.268,1.288,1.264,1.288,145088300,1.268,1.288,1.264,1.288,145088300,0.0,1.0
2024-12-16 00:00:00,1.269,1.28,1.263,1.266,163243800,1.269,1.28,1.263,1.266,163243800,0.0,1.0
2024-12-17 00:00:00,1.255,1.27,1.255,1.267,181962700,1.255,1.27,1.255,1.267,181962700,0.0,1.0
2024-12-18 00:00:00,1.273,1.275,1.259,1.259,277866900,1.273,1.275,1.259,1.259,277866900,0.0,1.0
2024-12-19 00:00:00,1.261,1.27,1.257,1.266,201666800,1.261,1.27,1.257,1.266,201666800,0.0,1.0
2024-12-20 00:00:00,1.261,1.261,1.256,1.261,51333700,1.261,1.261,1.256,1.261,51333700,0.0,1.0
2024-12-23 00:00:00,1.272,1.277,1.262,1.262,110947000,1.272,1.277,1.262,1.262,110947000,0.0,1.0
2024-12-24 00:00:00,1.291,1.303,1.273,1.273,199433100,1.291,1.303,1.273,1.273,199433100,0.0,1.0
2024-12-25 00:00:00,1.298,1.305,1.286,1.291,169816100,1.298,1.305,1.286,1.291,169816100,0.0,1.0
2024-12-26 00:00:00,1.295,1.3,1.289,1.299,117581400,1.295,1.3,1.289,1.299,117581400,0.0,1.0
2024-12-27 00:00:00,1.295,1.297,1.285,1.293,104173800,1.295,1.297,1.285,1.293,104173800,0.0,1.0
2024-12-30 00:00:00,1.301,1.307,1.292,1.295,222708500,1.301,1.307,1.292,1.295,222708500,0.0,1.0
2024-12-31 00:00:00,1.3,1.36,1.297,1.3,359106650,1.3,1.36,1.297,1.3,359106650,0.0,1.0
2025-01-02 00:00:00,1.268,1.312,1.267,1.31,224996100,1.268,1.312,1.267,1.31,224996100,0.0,1.0
2025-01-03 00:00:00,1.275,1.282,1.268,1.274,236481000,1.275,1.282,1.268,1.274,236481000,0.0,1.0
2025-01-06 00:00:00,1.277,1.284,1.272,1.28,86486300,1.277,1.284,1.272,1.28,86486300,0.0,1.0
2025-01-07 00:00:00,1.266,1.276,1.26,1.274,61830400,1.266,1.276,1.26,1.274,61830400,0.0,1.0
2025-01-08 00:00:00,1.262,1.305,1.252,1.269,389155500,1.262,1.305,1.252,1.269,389155500,0.0,1.0
2025-01-09 00:00:00,1.266,1.269,1.259,1.264,199475400,1.266,1.269,1.259,1.264,199475400,0.0,1.0
2025-01-13 00:00:00,1.241,1.253,1.23,1.25,81951100,1.241,1.253,1.23,1.25,81951100,0.0,1.0
2025-01-14 00:00:00,1.254,1.255,1.241,1.241,125736500,1.254,1.255,1.241,1.241,125736500,0.0,1.0
2025-01-15 00:00:00,1.254,1.261,1.251,1.253,52374710,1.254,1.261,1.251,1.253,52374710,0.0,1.0
2025-01-16 00:00:00,1.269,1.271,1.261,1.267,175889700,1.269,1.271,1.261,1.267,175889700,0.0,1.0
2025-01-17 00:00:00,1.268,1.275,1.262,1.268,132128100,1.268,1.275,1.262,1.268,132128100,0.0,1.0
2025-01-20 00:00:00,1.278,1.283,1.27,1.276,91989500,1.278,1.283,1.27,1.276,91989500,0.0,1.0
2025-01-21 00:00:00,1.273,1.28,1.268,1.277,100539900,1.273,1.28,1.268,1.277,100539900,0.0,1.0
2025-01-22 00:00:00,1.254,1.273,1.252,1.268,82412300,1.254,1.273,1.252,1.268,82412300,0.0,1.0
2025-01-23 00:00:00,1.258,1.276,1.258,1.26,248162300,1.258,1.276,1.258,1.26,248162300,0.0,1.0
2025-01-24 00:00:00,1.269,1.271,1.261,1.265,100674400,1.269,1.271,1.261,1.265,100674400,0.0,1.0
2025-01-27 00:00:00,1.277,1.283,1.269,1.269,60605700,1.277,1.283,1.269,1.269,60605700,0.0,1.0
2025-02-05 00:00:00,1.263,1.283,1.263,1.283,125824100,1.263,1.283,1.263,1.283,125824100,0.0,1.0
2025-02-06 00:00:00,1.27,1.274,1.264,1.264,131751300,1.27,1.274,1.264,1.264,131751300,0.0,1.0
2025-02-07 00:00:00,1.267,1.276,1.265,1.274,154329100,1.267,1.276,1.265,1.274,154329100,0.0,1.0
2025-02-10 00:00:00,1.277,1.282,1.27,1.27,146442010,1.277,1.282,1.27,1.27,146442010,0.0,1.0
2025-02-11 00:00:00,1.283,1.296,1.275,1.282,154148430,1.283,1.296,1.275,1.282,154148430,0.0,1.0
2025-02-12 00:00:00,1.3,1.301,1.28,1.286,130740500,1.3,1.301,1.28,1.286,130740500,0.0,1.0
2025-02-13 00:00:00,1.304,1.305,1.29,1.301,240957900,1.304,1.305,1.29,1.301,240957900,0.0,1.0
2025-02-14 00:00:00,1.291,1.298,1.285,1.295,137878600,1.291,1.298,1.285,1.295,137878600,0.0,1.0
2025-02-17 00:00:00,1.301,1.302,1.288,1.294,152470500,1.301,1.302,1.288,1.294,152470500,0.0,1.0
2025-02-18 00:00:00,1.305,1.317,1.298,1.305,434507400,1.305,1.317,1.298,1.305,434507400,0.0,1.0
2025-02-19 00:00:00,1.305,1.312,1.301,1.303,172399600,1.305,1.312,1.301,1.303,172399600,0.0,1.0
2025-02-20 00:00:00,1.3,1.307,1.297,1.304,112112600,1.3,1.307,1.297,1.304,112112600,0.0,1.0
2025-02-24 00:00:00,1.313,1.317,1.297,1.297,135131400,1.313,1.317,1.297,1.297,135131400,0.0,1.0
2025-02-25 00:00:00,1.297,1.306,1.296,1.301,129892200,1.297,1.306,1.296,1.301,129892200,0.0,1.0
2025-02-26 00:00:00,1.317,1.321,1.302,1.302,284344000,1.317,1.321,1.302,1.302,284344000,0.0,1.0
2025-02-27 00:00:00,1.32,1.322,1.312,1.32,192243100,1.32,1.322,1.312,1.32,192243100,0.0,1.0
2025-02-28 00:00:00,1.3,1.321,1.299,1.321,116890300,1.3,1.321,1.299,1.321,116890300,0.0,1.0
2025-03-03 00:00:00,1.307,1.317,1.299,1.303,105976800,1.307,1.317,1.299,1.303,105976800,0.0,1.0
2025-03-04 00:00:00,1.303,1.305,1.294,1.304,148529600,1.303,1.305,1.294,1.304,148529600,0.0,1.0
2025-03-05 00:00:00,1.328,1.329,1.305,1.306,116210100,1.328,1.329,1.305,1.306,116210100,0.0,1.0
2025-03-06 00:00:00,1.334,1.339,1.325,1.335,225677990,1.334,1.339,1.325,1.335,225677990,0.0,1.0
2025-03-07 00:00:00,1.334,1.342,1.332,1.335,293390490,1.334,1.342,1.332,1.335,293390490,0.0,1.0
2025-03-10 00:00:00,1.33,1.339,1.323,1.337,134094300,1.33,1.339,1.323,1.337,134094300,0.0,1.0
2025-03-11 00:00:00,1.339,1.339,1.317,1.324,121988100,1.339,1.339,1.317,1.324,121988100,0.0,1.0
2025-03-12 00:00:00,1.335,1.345,1.331,1.338,90717600,1.335,1.345,1.331,1.338,90717600,0.0,1.0
2025-03-13 00:00:00,1.331,1.344,1.327,1.34,277502100,1.331,1.344,1.327,1.34,277502100,0.0,1.0
2025-03-14 00:00:00,1.343,1.352,1.333,1.333,329127000,1.343,1.352,1.333,1.333,329127000,0.0,1.0
2025-03-17 00:00:00,1.359,1.366,1.344,1.346,304755300,1.359,1.366,1.344,1.346,304755300,0.0,1.0
2025-03-18 00:00:00,1.371,1.377,1.362,1.366,195833900,1.371,1.377,1.362,1.366,195833900,0.0,1.0
2025-03-19 00:00:00,1.376,1.378,1.371,1.374,187196000,1.376,1.378,1.371,1.374,187196000,0.0,1.0
2025-03-20 00:00:00,1.363,1.378,1.362,1.378,115416800,1.363,1.378,1.362,1.378,115416800,0.0,1.0
2025-03-21 00:00:00,1.347,1.364,1.341,1.362,143465900,1.347,1.364,1.341,1.362,143465900,0.0,1.0
2025-03-24 00:00:00,1.347,1.352,1.339,1.346,107370400,1.347,1.352,1.339,1.346,107370400,0.0,1.0
2025-03-25 00:00:00,1.341,1.35,1.338,1.35,171070900,1.341,1.35,1.338,1.35,171070900,0.0,1.0
2025-03-26 00:00:00,1.339,1.348,1.336,1.343,121438900,1.339,1.348,1.336,1.343,121438900,0.0,1.0
2025-03-27 00:00:00,1.342,1.352,1.34,1.345,104229300,1.342,1.352,1.34,1.345,104229300,0.0,1.0
2025-03-28 00:00:00,1.331,1.345,1.325,1.343,288743340,1.331,1.345,1.325,1.343,288743340,0.0,1.0
2025-03-31 00:00:00,1.331,1.337,1.323,1.328,222345400,1.331,1.337,1.323,1.328,222345400,0.0,1.0
2025-04-01 00:00:00,1.344,1.345,1.332,1.332,165373430,1.344,1.345,1.332,1.332,165373430,0.0,1.0
2025-04-02 00:00:00,1.351,1.351,1.337,1.342,136313000,1.351,1.351,1.337,1.342,136313000,0.0,1.0
2025-04-03 00:00:00,1.355,1.358,1.34,1.348,203901610,1.355,1.358,1.34,1.348,203901610,0.0,1.0
2025-04-07 00:00:00,1.257,1.295,1.242,1.274,403493960,1.257,1.295,1.242,1.274,403493960,0.0,1.0
2025-04-08 00:00:00,1.251,1.286,1.244,1.262,256284700,1.251,1.286,1.244,1.262,256284700,0.0,1.0
2025-04-09 00:00:00,1.255,1.262,1.221,1.231,291857400,1.255,1.262,1.221,1.231,291857400,0.0,1.0
2025-04-10 00:00:00,1.283,1.3,1.267,1.271,281583800,1.283,1.3,1.267,1.271,281583800,0.0,1.0
2025-04-11 00:00:00,1.282,1.288,1.267,1.282,296450400,1.282,1.288,1.267,1.282,296450400,0.0,1.0
2025-04-14 00:00:00,1.302,1.306,1.289,1.292,137693300,1.302,1.306,1.289,1.292,137693300,0.0,1.0
2025-04-15 00:00:00,1.318,1.318,1.303,1.303,137465200,1.318,1.318,1.303,1.303,137465200,0.0,1.0
2025-04-16 00:00:00,1.308,1.323,1.304,1.311,103254600,1.308,1.323,1.304,1.311,103254600,0.0,1.0
2025-04-17 00:00:00,1.311,1.317,1.309,1.312,80093200,1.311,1.317,1.309,1.312,80093200,0.0,1.0
2025-04-18 00:00:00,1.315,1.316,1.306,1.312,64433290,1.315,1.316,1.306,1.312,64433290,0.0,1.0
2025-04-21 00:00:00,1.314,1.317,1.305,1.314,148474400,1.314,1.317,1.305,1.314,148474400,0.0,1.0
2025-04-22 00:00:00,1.324,1.329,1.307,1.312,177222700,1.324,1.329,1.307,1.312,177222700,0.0,1.0
2025-04-23 00:00:00,1.34,1.342,1.332,1.332,163313030,1.34,1.342,1.332,1.332,163313030,0.0,1.0
2025-04-24 00:00:00,1.328,1.34,1.327,1.339,185618400,1.328,1.34,1.327,1.339,185618400,0.0,1.0
2025-04-25 00:00:00,1.338,1.347,1.333,1.333,90634250,1.338,1.347,1.333,1.333,90634250,0.0,1.0
2025-04-28 00:00:00,1.343,1.349,1.332,1.338,287638710,1.343,1.349,1.332,1.338,287638710,0.0,1.0
2025-04-29 00:00:00,1.338,1.351,1.337,1.345,170864100,1.338,1.351,1.337,1.345,170864100,0.0,1.0
2025-04-30 00:00:00,1.333,1.342,1.324,1.339,191196900,1.333,1.342,1.324,1.339,191196900,0.0,1.0
2025-05-06 00:00:00,1.346,1.349,1.336,1.341,301249630,1.346,1.349,1.336,1.341,301249630,0.0,1.0
2025-05-07 00:00:00,1.352,1.367,1.347,1.362,282384260,1.352,1.367,1.347,1.362,282384260,0.0,1.0
2025-05-08 00:00:00,1.356,1.358,1.347,1.35,101791500,1.356,1.358,1.347,1.35,101791500,0.0,1.0
2025-05-09 00:00:00,1.366,1.37,1.356,1.356,136275190,1.366,1.37,1.356,1.356,136275190,0.0,1.0
2025-05-12 00:00:00,1.378,1.383,1.37,1.373,125203900,1.378,1.383,1.37,1.373,125203900,0.0,1.0
2025-05-13 00:00:00,1.37,1.382,1.366,1.38,180152600,1.37,1.382,1.366,1.38,180152600,0.0,1.0
2025-05-14 00:00:00,1.387,1.387,1.368,1.373,201998890,1.387,1.387,1.368,1.373,201998890,0.0,1.0
2025-05-15 00:00:00,1.385,1.393,1.383,1.386,190452300,1.385,1.393,1.383,1.386,190452300,0.0,1.0
2025-05-16 00:00:00,1.377,1.386,1.373,1.386,119703100,1.377,1.386,1.373,1.386,119703100,0.0,1.0
2025-05-19 00:00:00,1.384,1.385,1.374,1.376,93598210,1.384,1.385,1.374,1.376,93598210,0.0,1.0
2025-05-20 00:00:00,1.397,1.398,1.385,1.385,114737100,1.397,1.398,1.385,1.385,114737100,0.0,1.0
2025-05-21 00:00:00,1.395,1.404,1.391,1.4,221518520,1.395,1.404,1.391,1.4,221518520,0.0,1.0
2025-05-22 00:00:00,1.392,1.398,1.39,1.396,125213600,1.392,1.398,1.39,1.396,125213600,0.0,1.0
2025-05-23 00:00:00,1.383,1.395,1.381,1.391,200735870,1.383,1.395,1.381,1.391,200735870,0.0,1.0
2025-05-26 00:00:00,1.382,1.394,1.38,1.384,135501580,1.382,1.394,1.38,1.384,135501580,0.0,1.0
2025-05-27 00:00:00,1.385,1.391,1.381,1.382,223069530,1.385,1.391,1.381,1.382,223069530,0.0,1.0
2025-05-28 00:00:00,1.388,1.392,1.387,1.39,56313150,1.388,1.392,1.387,1.39,56313150,0.0,1.0
2025-05-29 00:00:00,1.385,1.394,1.382,1.392,253765480,1.385,1.394,1.382,1.392,253765480,0.0,1.0
2025-05-30 00:00:00,1.386,1.388,1.381,1.382,77629000,1.386,1.388,1.381,1.382,77629000,0.0,1.0
2025-06-03 00:00:00,1.41,1.41,1.386,1.386,154047960,1.41,1.41,1.386,1.386,154047960,0.0,1.0
2025-06-04 00:00:00,1.409,1.411,1.402,1.411,156008000,1.409,1.411,1.402,1.411,156008000,0.0,1.0
2025-06-05 00:00:00,1.411,1.417,1.407,1.41,154897600,1.411,1.417,1.407,1.41,154897600,0.0,1.0
2025-06-06 00:00:00,1.411,1.417,1.406,1.41,178660860,1.411,1.417,1.406,1.41,178660860,0.0,1.0
2025-06-09 00:00:00,1.418,1.419,1.409,1.412,161446000,1.418,1.419,1.409,1.412,161446000,0.0,1.0
2025-06-10 00:00:00,1.428,1.435,1.419,1.421,188020530,1.428,1.435,1.419,1.421,188020530,0.0,1.0
2025-06-11 00:00:00,1.44,1.44,1.429,1.433,82313400,1.44,1.44,1.429,1.433,82313400,0.0,1.0
2025-06-12 00:00:00,1.44,1.45,1.436,1.437,131318610,1.44,1.45,1.436,1.437,131318610,0.0,1.0
2025-06-13 00:00:00,1.449,1.452,1.438,1.44,129441900,1.449,1.452,1.438,1.44,129441900,0.0,1.0
2025-06-17 00:00:00,1.454,1.463,1.452,1.46,232314900,1.454,1.463,1.452,1.46,232314900,0.0,1.0
2025-06-18 00:00:00,1.444,1.458,1.442,1.454,212316800,1.444,1.458,1.442,1.454,212316800,0.0,1.0
2025-06-19 00:00:00,1.419,1.448,1.418,1.448,289706900,1.419,1.448,1.418,1.448,289706900,0.0,1.0
2025-06-20 00:00:00,1.432,1.442,1.419,1.42,298762400,1.432,1.442,1.419,1.42,298762400,0.0,1.0
2025-06-23 00:00:00,1.453,1.454,1.43,1.434,214393200,1.453,1.454,1.43,1.434,214393200,0.0,1.0
2025-06-24 00:00:00,1.472,1.472,1.454,1.454,191631200,1.472,1.472,1.454,1.454,191631200,0.0,1.0
2025-06-25 00:00:00,1.482,1.487,1.472,1.473,207150160,1.482,1.487,1.472,1.473,207150160,0.0,1.0
2025-06-26 00:00:00,1.476,1.485,1.471,1.485,199930800,1.476,1.485,1.471,1.485,199930800,0.0,1.0
2025-06-27 00:00:00,1.468,1.483,1.459,1.48,249876910,1.468,1.483,1.459,1.48,249876910,0.0,1.0
2025-06-30 00:00:00,1.467,1.47,1.456,1.469,304275280,1.467,1.47,1.456,1.469,304275280,0.0,1.0
2025-07-02 00:00:00,1.489,1.489,1.473,1.474,189935900,1.489,1.489,1.473,1.474,189935900,0.0,1.0
2025-07-03 00:00:00,1.488,1.493,1.479,1.488,219172900,1.488,1.493,1.479,1.488,219172900,0.0,1.0
2025-07-04 00:00:00,1.487,1.493,1.478,1.487,172879100,1.487,1.493,1.478,1.487,172879100,0.0,1.0
2025-07-07 00:00:00,1.492,1.494,1.483,1.487,217319900,1.492,1.494,1.483,1.487,217319900,0.0,1.0
2025-07-08 00:00:00,1.497,1.502,1.493,1.494,136002800,1.497,1.502,1.493,1.494,136002800,0.0,1.0
2025-07-09 00:00:00,1.491,1.498,1.482,1.498,141153600,1.491,1.498,1.482,1.498,141153600,0.0,1.0
2025-07-10 00:00:00,1.499,1.501,1.488,1.493,243951900,1.499,1.501,1.488,1.493,243951900,0.0,1.0
2025-07-11 00:00:00,1.501,1.519,1.499,1.499,343880200,1.501,1.519,1.499,1.499,343880200,0.0,1.0
2025-07-14 00:00:00,1.51,1.515,1.497,1.498,139367200,1.51,1.515,1.497,1.498,139367200,0.0,1.0
2025-07-15 00:00:00,1.506,1.519,1.499,1.515,189018500,1.506,1.519,1.499,1.515,189018500,0.0,1.0
2025-07-16 00:00:00,1.512,1.513,1.505,1.51,129448900,1.512,1.513,1.505,1.51,129448900,0.0,1.0
2025-07-17 00:00:00,1.51,1.516,1.505,1.513,123780400,1.51,1.516,1.505,1.513,123780400,0.0,1.0
2025-07-18 00:00:00,1.517,1.517,1.511,1.512,133660750,1.517,1.517,1.511,1.512,133660750,0.0,1.0
2025-07-21 00:00:00,1.532,1.532,1.521,1.521,168234220,1.532,1.532,1.521,1.521,168234220,0.0,1.0
2025-07-22 00:00:00,1.541,1.544,1.527,1.533,224901900,1.541,1.544,1.527,1.533,224901900,0.0,1.0
2025-07-23 00:00:00,1.543,1.55,1.541,1.545,224029300,1.543,1.55,1.541,1.545,224029300,0.0,1.0
2025-07-24 00:00:00,1.544,1.552,1.542,1.545,309594500,1.544,1.552,1.542,1.545,309594500,0.0,1.0
2025-07-25 00:00:00,1.544,1.553,1.54,1.543,259156280,1.544,1.553,1.54,1.543,259156280,0.0,1.0
2025-07-28 00:00:00,1.552,1.556,1.539,1.542,100035100,1.552,1.556,1.539,1.542,100035100,0.0,1.0
2025-07-29 00:00:00,1.552,1.556,1.539,1.552,335936780,1.552,1.556,1.539,1.552,335936780,0.0,1.0
2025-07-30 00:00:00,1.554,1.562,1.545,1.552,170057000,1.554,1.562,1.545,1.552,170057000,0.0,1.0
2025-07-31 00:00:00,1.528,1.555,1.525,1.553,603528500,1.528,1.555,1.525,1.553,603528500,0.0,1.0
2025-08-01 00:00:00,1.52,1.532,1.514,1.53,361864880,1.52,1.532,1.514,1.53,361864880,0.0,1.0
2025-08-04 00:00:00,1.52,1.521,1.501,1.518,342267800,1.52,1.521,1.501,1.518,342267800,0.0,1.0
2025-08-05 00:00:00,1.538,1.54,1.518,1.523,528772140,1.538,1.54,1.518,1.523,528772140,0.0,1.0
2025-08-06 00:00:00,1.534,1.544,1.532,1.537,217363800,1.534,1.544,1.532,1.537,217363800,0.0,1.0
2025-08-07 00:00:00,1.55,1.55,1.532,1.533,172469190,1.55,1.55,1.532,1.533,172469190,0.0,1.0
2025-08-08 00:00:00,1.547,1.552,1.541,1.55,234536880,1.547,1.552,1.541,1.55,234536880,0.0,1.0
2025-08-11 00:00:00,1.543,1.556,1.54,1.547,312524020,1.543,1.556,1.54,1.547,312524020,0.0,1.0
2025-08-12 00:00:00,1.545,1.55,1.542,1.542,115359410,1.545,1.55,1.542,1.542,115359410,0.0,1.0
2025-08-13 00:00:00,1.561,1.563,1.547,1.549,279841800,1.561,1.563,1.547,1.549,279841800,0.0,1.0
2025-08-14 00:00:00,1.557,1.572,1.556,1.565,480909000,1.557,1.572,1.556,1.565,480909000,0.0,1.0
2025-08-15 00:00:00,1.554,1.561,1.551,1.558,216892190,1.554,1.561,1.551,1.558,216892190,0.0,1.0
2025-08-18 00:00:00,1.546,1.559,1.544,1.554,210647660,1.546,1.559,1.544,1.554,210647660,0.0,1.0
2025-08-19 00:00:00,1.539,1.548,1.536,1.546,165484300,1.539,1.548,1.536,1.546,165484300,0.0,1.0
2025-08-20 00:00:00,1.539,1.54,1.529,1.538,389117850,1.539,1.54,1.529,1.538,389117850,0.0,1.0
2025-08-21 00:00:00,1.544,1.549,1.536,1.537,200885150,1.544,1.549,1.536,1.537,200885150,0.0,1.0
2025-08-22 00:00:00,1.539,1.552,1.535,1.547,189053160,1.539,1.552,1.535,1.547,189053160,0.0,1.0
2025-08-25 00:00:00,1.555,1.557,1.538,1.538,329935480,1.555,1.557,1.538,1.538,329935480,0.0,1.0
2025-08-26 00:00:00,1.54,1.554,1.54,1.554,188431100,1.54,1.554,1.54,1.554,188431100,0.0,1.0
2025-08-27 00:00:00,1.521,1.543,1.52,1.541,289069200,1.521,1.543,1.52,1.541,289069200,0.0,1.0
2025-08-28 00:00:00,1.53,1.534,1.522,1.522,185256800,1.53,1.534,1.522,1.522,185256800,0.0,1.0
2025-08-29 00:00:00,1.53,1.543,1.527,1.532,195263700,1.53,1.543,1.527,1.532,195263700,0.0,1.0
2025-09-01 00:00:00,1.533,1.539,1.528,1.529,82961420,1.533,1.539,1.528,1.529,82961420,0.0,1.0
2025-09-02 00:00:00,1.534,1.542,1.527,1.533,127793870,1.534,1.542,1.527,1.533,127793870,0.0,1.0
2025-09-03 00:00:00,1.529,1.545,1.527,1.539,137019600,1.529,1.545,1.527,1.539,137019600,0.0,1.0
2025-09-04 00:00:00,1.523,1.535,1.52,1.532,127149800,1.523,1.535,1.52,1.532,127149800,0.0,1.0
2025-09-05 00:00:00,1.545,1.547,1.523,1.525,115299960,1.545,1.547,1.523,1.525,115299960,0.0,1.0
2025-09-08 00:00:00,1.556,1.559,1.542,1.545,102094100,1.556,1.559,1.542,1.545,102094100,0.0,1.0
2025-09-09 00:00:00,1.564,1.57,1.552,1.558,275987260,1.564,1.57,1.552,1.558,275987260,0.0,1.0
2025-09-10 00:00:00,1.585,1.59,1.566,1.566,430982800,1.585,1.59,1.566,1.566,430982800,0.0,1.0
2025-09-11 00:00:00,1.599,1.603,1.577,1.585,334135130,1.599,1.603,1.577,1.585,334135130,0.0,1.0
2025-09-12 00:00:00,1.59,1.607,1.59,1.601,243159510,1.59,1.607,1.59,1.601,243159510,0.0,1.0
2025-09-15 00:00:00,1.587,1.596,1.585,1.589,250114860,1.587,1.596,1.585,1.589,250114860,0.0,1.0
2025-09-16 00:00:00,1.587,1.601,1.585,1.595,322594970,1.587,1.601,1.585,1.595,322594970,0.0,1.0
2025-09-17 00:00:00,1.586,1.593,1.583,1.587,203028740,1.586,1.593,1.583,1.587,203028740,0.0,1.0
2025-09-18 00:00:00,1.56,1.586,1.556,1.585,411173140,1.56,1.586,1.556,1.585,411173140,0.0,1.0
2025-09-19 00:00:00,1.56,1.567,1.555,1.562,272755340,1.56,1.567,1.555,1.562,272755340,0.0,1.0
2025-09-22 00:00:00,1.545,1.563,1.537,1.56,252347600,1.545,1.563,1.537,1.56,252347600,0.0,1.0
2025-09-23 00:00:00,1.539,1.547,1.535,1.545,214871700,1.539,1.547,1.535,1.545,214871700,0.0,1.0
2025-09-24 00:00:00,1.547,1.549,1.536,1.539,295535900,1.547,1.549,1.536,1.539,295535900,0.0,1.0
2025-09-25 00:00:00,1.525,1.55,1.524,1.549,208510760,1.525,1.55,1.524,1.549,208510760,0.0,1.0
2025-09-26 00:00:00,1.545,1.546,1.517,1.525,377748400,1.545,1.546,1.517,1.525,377748400,0.0,1.0
2025-09-29 00:00:00,1.553,1.553,1.537,1.545,166129600,1.553,1.553,1.537,1.545,166129600,0.0,1.0
2025-09-30 00:00:00,1.544,1.559,1.539,1.553,150696500,1.544,1.559,1.539,1.553,150696500,0.0,1.0
2025-10-09 00:00:00,1.583,1.583,1.548,1.548,416586160,1.583,1.583,1.548,1.548,416586160,0.0,1.0
2025-10-10 00:00:00,1.584,1.593,1.573,1.578,306893600,1.584,1.593,1.573,1.578,306893600,0.0,1.0
2025-10-13 00:00:00,1.577,1.582,1.547,1.549,290693300,1.577,1.582,1.547,1.549,290693300,0.0,1.0
2025-10-14 00:00:00,1.578,1.602,1.575,1.584,400792640,1.578,1.602,1.575,1.584,400792640,0.0,1.0
2025-10-15 00:00:00,1.595,1.598,1.581,1.585,262088200,1.595,1.598,1.581,1.585,262088200,0.0,1.0
2025-10-16 00:00:00,1.595,1.603,1.591,1.597,184567100,1.595,1.603,1.591,1.597,184567100,0.0,1.0
2025-10-17 00:00:00,1.587,1.606,1.584,1.597,164315770,1.587,1.606,1.584,1.597,164315770,0.0,1.0
2025-10-20 00:00:00,1.606,1.608,1.591,1.599,289907600,1.606,1.608,1.591,1.599,289907600,0.0,1.0
2025-10-21 00:00:00,1.616,1.618,1.605,1.611,321288200,1.616,1.618,1.605,1.611,321288200,0.0,1.0
2025-10-22 00:00:00,1.608,1.616,1.601,1.616,361517400,1.608,1.616,1.601,1.616,361517400,0.0,1.0
2025-10-23 00:00:00,1.62,1.622,1.603,1.608,236872090,1.62,1.622,1.603,1.608,236872090,0.0,1.0
2025-10-24 00:00:00,1.625,1.629,1.62,1.624,398075900,1.625,1.629,1.62,1.624,398075900,0.0,1.0
2025-10-27 00:00:00,1.63,1.638,1.624,1.63,200263100,1.63,1.638,1.624,1.63,200263100,0.0,1.0
2025-10-28 00:00:00,1.625,1.635,1.624,1.632,203550900,1.625,1.635,1.624,1.632,203550900,0.0,1.0
2025-10-29 00:00:00,1.639,1.651,1.621,1.629,129596980,1.639,1.651,1.621,1.629,129596980,0.0,1.0
2025-10-30 00:00:00,1.619,1.642,1.617,1.64,251633880,1.619,1.642,1.617,1.64,251633880,0.0,1.0
2025-10-31 00:00:00,1.611,1.624,1.609,1.622,125998470,1.611,1.624,1.609,1.622,125998470,0.0,1.0
2025-11-03 00:00:00,1.627,1.628,1.607,1.611,159791740,1.627,1.628,1.607,1.611,159791740,0.0,1.0
2025-11-04 00:00:00,1.632,1.643,1.626,1.629,414724160,1.632,1.643,1.626,1.629,414724160,0.0,1.0
2025-11-05 00:00:00,1.636,1.64,1.616,1.636,184474600,1.636,1.64,1.616,1.636,184474600,0.0,1.0
2025-11-06 00:00:00,1.658,1.662,1.639,1.64,233011100,1.658,1.662,1.639,1.64,233011100,0.0,1.0
2025-11-07 00:00:00,1.664,1.675,1.657,1.661,418403580,1.664,1.675,1.657,1.661,418403580,0.0,1.0
2025-11-10 00:00:00,1.683,1.687,1.666,1.673,192612500,1.683,1.687,1.666,1.673,192612500,0.0,1.0
2025-11-11 00:00:00,1.687,1.694,1.677,1.689,202572930,1.687,1.694,1.677,1.689,202572930,0.0,1.0
2025-11-12 00:00:00,1.725,1.727,1.693,1.693,469591990,1.725,1.727,1.693,1.693,469591990,0.0,1.0
2025-11-13 00:00:00,1.711,1.73,1.702,1.73,554816900,1.711,1.73,1.702,1.73,554816900,0.0,1.0
2025-11-14 00:00:00,1.698,1.713,1.695,1.702,318597220,1.698,1.713,1.695,1.702,318597220,0.0,1.0
2025-11-17 00:00:00,1.689,1.706,1.688,1.697,439740000,1.689,1.706,1.688,1.697,439740000,0.0,1.0
2025-11-18 00:00:00,1.661,1.69,1.659,1.687,265677000,1.661,1.69,1.659,1.687,265677000,0.0,1.0
2025-11-19 00:00:00,1.673,1.683,1.658,1.662,530088400,1.673,1.683,1.658,1.662,530088400,0.0,1.0
2025-11-20 00:00:00,1.674,1.687,1.67,1.673,382763400,1.674,1.687,1.67,1.673,382763400,0.0,1.0
2025-11-21 00:00:00,1.653,1.669,1.648,1.658,462780730,1.653,1.669,1.648,1.658,462780730,0.0,1.0
2025-11-24 00:00:00,1.661,1.666,1.647,1.662,434066460,1.661,1.666,1.647,1.662,434066460,0.0,1.0
2025-11-25 00:00:00,1.662,1.671,1.661,1.666,253097260,1.662,1.671,1.661,1.666,253097260,0.0,1.0
2025-11-26 00:00:00,1.662,1.672,1.661,1.672,371277300,1.662,1.672,1.661,1.672,371277300,0.0,1.0
2025-11-27 00:00:00,1.653,1.665,1.653,1.66,470677210,1.653,1.665,1.653,1.66,470677210,0.0,1.0
2025-11-28 00:00:00,1.645,1.655,1.641,1.654,242937000,1.645,1.655,1.641,1.654,242937000,0.0,1.0
2025-12-01 00:00:00,1.657,1.662,1.647,1.647,303612100,1.657,1.662,1.647,1.647,303612100,0.0,1.0
2025-12-02 00:00:00,1.683,1.685,1.66,1.661,460778560,1.683,1.685,1.66,1.661,460778560,0.0,1.0
2025-12-03 00:00:00,1.668,1.685,1.662,1.684,253678500,1.668,1.685,1.662,1.684,253678500,0.0,1.0
2025-12-04 00:00:00,1.669,1.675,1.664,1.671,279442140,1.669,1.675,1.664,1.671,279442140,0.0,1.0
2025-12-05 00:00:00,1.67,1.671,1.662,1.669,232522520,1.67,1.671,1.662,1.669,232522520,0.0,1.0
2025-12-08 00:00:00,1.657,1.675,1.652,1.673,240175700,1.657,1.675,1.652,1.673,240175700,0.0,1.0
2025-12-09 00:00:00,1.626,1.654,1.624,1.654,453743590,1.626,1.654,1.624,1.654,453743590,0.0,1.0
2025-12-10 00:00:00,1.621,1.627,1.613,1.627,310365200,1.621,1.627,1.613,1.627,310365200,0.0,1.0
2025-12-11 00:00:00,1.623,1.635,1.621,1.63,181622240,1.623,1.635,1.621,1.63,181622240,0.0,1.0
2025-12-12 00:00:00,1.637,1.641,1.63,1.63,248283300,1.637,1.641,1.63,1.63,248283300,0.0,1.0
2025-12-15 00:00:00,1.629,1.637,1.627,1.637,258557900,1.629,1.637,1.627,1.637,258557900,0.0,1.0
2025-12-16 00:00:00,1.606,1.631,1.598,1.63,328247840,1.606,1.631,1.598,1.63,328247840,0.0,1.0
2025-12-17 00:00:00,1.607,1.61,1.597,1.597,158704240,1.607,1.61,1.597,1.597,158704240,0.0,1.0
2025-12-18 00:00:00,1.61,1.617,1.604,1.606,255825500,1.61,1.617,1.604,1.606,255825500,0.0,1.0
2025-12-19 00:00:00,1.627,1.628,1.613,1.615,323809600,1.627,1.628,1.613,1.615,323809600,0.0,1.0
2025-12-22 00:00:00,1.619,1.633,1.615,1.633,248365500,1.619,1.633,1.615,1.633,248365500,0.0,1.0
2025-12-23 00:00:00,1.623,1.633,1.621,1.624,140886400,1.623,1.633,1.621,1.624,140886400,0.0,1.0
2025-12-24 00:00:00,1.622,1.627,1.62,1.626,109307300,1.622,1.627,1.62,1.626,109307300,0.0,1.0
2025-12-25 00:00:00,1.62,1.623,1.617,1.622,99526410,1.62,1.623,1.617,1.622,99526410,0.0,1.0
2025-12-29 00:00:00,1.612,1.633,1.612,1.629,404446900,1.612,1.633,1.612,1.629,404446900,0.0,1.0
2025-12-30 00:00:00,1.62,1.62,1.6,1.609,269320210,1.62,1.62,1.6,1.609,269320210,0.0,1.0
2025-12-31 00:00:00,1.605,1.616,1.601,1.615,214858920,1.605,1.616,1.601,1.615,214858920,0.0,1.0
2026-01-05 00:00:00,1.597,1.617,1.595,1.61,523778250,1.597,1.617,1.595,1.61,523778250,0.0,1.0
2026-01-06 00:00:00,1.613,1.62,1.602,1.602,435541940,1.613,1.62,1.602,1.602,435541940,0.0,1.0
2026-01-07 00:00:00,1.606,1.616,1.603,1.615,345959120,1.606,1.616,1.603,1.615,345959120,0.0,1.0
2026-01-08 00:00:00,1.603,1.609,1.597,1.607,246098900,1.603,1.609,1.597,1.607,246098900,0.0,1.0
2026-01-09 00:00:00,1.612,1.615,1.604,1.605,210708230,1.612,1.615,1.604,1.605,210708230,0.0,1.0
2026-01-12 00:00:00,1.614,1.618,1.609,1.614,182260200,1.614,1.618,1.609,1.614,182260200,0.0,1.0
2026-01-13 00:00:00,1.624,1.634,1.618,1.618,449306550,1.624,1.634,1.618,1.618,449306550,0.0,1.0
2026-01-14 00:00:00,1.621,1.633,1.613,1.628,247654600,1.621,1.633,1.613,1.628,247654600,0.0,1.0
2026-01-15 00:00:00,1.638,1.644,1.622,1.623,225569820,1.638,1.644,1.622,1.623,225569820,0.0,1.0
2026-01-16 00:00:00,1.634,1.649,1.63,1.643,153586480,1.634,1.649,1.63,1.643,153586480,0.0,1.0
2026-01-19 00:00:00,1.626,1.641,1.621,1.631,369873760,1.626,1.641,1.621,1.631,369873760,0.0,1.0
2026-01-20 00:00:00,1.631,1.639,1.614,1.62,245036700,1.631,1.639,1.614,1.62,245036700,0.0,1.0
2026-01-21 00:00:00,1.628,1.639,1.625,1.629,155590570,1.628,1.639,1.625,1.629,155590570,0.0,1.0
2026-01-22 00:00:00,1.651,1.651,1.634,1.634,291905550,1.651,1.651,1.634,1.634,291905550,0.0,1.0
2026-01-23 00:00:00,1.64,1.659,1.636,1.653,293369510,1.64,1.659,1.636,1.653,293369510,0.0,1.0
2026-01-26 00:00:00,1.666,1.671,1.641,1.645,200970780,1.666,1.671,1.641,1.645,200970780,0.0,1.0
2026-01-27 00:00:00,1.667,1.671,1.658,1.667,251201500,1.667,1.671,1.658,1.667,251201500,0.0,1.0
2026-01-28 00:00:00,1.709,1.712,1.668,1.672,263125900,1.709,1.712,1.668,1.672,263125900,0.0,1.0
2026-01-29 00:00:00,1.722,1.724,1.699,1.708,226481300,1.722,1.724,1.699,1.708,226481300,0.0,1.0
2026-01-30 00:00:00,1.683,1.721,1.683,1.721,237379900,1.683,1.721,1.683,1.721,237379900,0.0,1.0
2026-02-02 00:00:00,1.646,1.679,1.644,1.679,258650000,1.646,1.679,1.644,1.679,258650000,0.0,1.0
2026-02-03 00:00:00,1.673,1.682,1.657,1.657,211819210,1.673,1.682,1.657,1.657,211819210,0.0,1.0
2026-02-05 00:00:00,1.712,1.715,1.687,1.694,291830100,1.712,1.715,1.687,1.694,291830100,0.0,1.0
2026-02-06 00:00:00,1.707,1.714,1.691,1.707,215784700,1.707,1.714,1.691,1.707,215784700,0.0,1.0
2026-02-09 00:00:00,1.707,1.723,1.7,1.712,409518430,1.707,1.723,1.7,1.712,409518430,0.0,1.0
2026-02-10 00:00:00,1.71,1.711,1.702,1.708,137394900,1.71,1.711,1.702,1.708,137394900,0.0,1.0
2026-02-11 00:00:00,1.723,1.723,1.706,1.712,115272070,1.723,1.723,1.706,1.712,115272070,0.0,1.0
2026-02-13 00:00:00,1.702,1.714,1.701,1.714,112139590,1.702,1.714,1.701,1.714,112139590,0.0,1.0
2026-02-24 00:00:00,1.738,1.74,1.705,1.705,247141700,1.738,1.74,1.705,1.705,247141700,0.0,1.0
2026-02-25 00:00:00,1.725,1.745,1.719,1.736,198694610,1.725,1.745,1.719,1.736,198694610,0.0,1.0
2026-02-26 00:00:00,1.711,1.728,1.705,1.725,171621800,1.711,1.728,1.705,1.725,171621800,0.0,1.0
2026-02-27 00:00:00,1.714,1.715,1.699,1.707,233941700,1.714,1.715,1.699,1.707,233941700,0.0,1.0
2026-03-02 00:00:00,1.718,1.729,1.7,1.714,176960980,1.718,1.729,1.7,1.714,176960980,0.0,1.0
2026-03-03 00:00:00,1.715,1.731,1.709,1.721,303743600,1.715,1.731,1.709,1.721,303743600,0.0,1.0
2026-03-04 00:00:00,1.676,1.715,1.673,1.715,317261440,1.676,1.715,1.673,1.715,317261440,0.0,1.0
2026-03-05 00:00:00,1.701,1.717,1.686,1.689,246359960,1.701,1.717,1.686,1.689,246359960,0.0,1.0
2026-03-06 00:00:00,1.707,1.708,1.688,1.7,185969300,1.707,1.708,1.688,1.7,185969300,0.0,1.0
2026-03-09 00:00:00,1.677,1.696,1.669,1.694,259590590,1.677,1.696,1.669,1.694,259590590,0.0,1.0
2026-03-10 00:00:00,1.682,1.691,1.679,1.679,197376660,1.682,1.691,1.679,1.679,197376660,0.0,1.0
2026-03-11 00:00:00,1.694,1.695,1.672,1.68,191276100,1.694,1.695,1.672,1.68,191276100,0.0,1.0
2026-03-12 00:00:00,1.689,1.698,1.68,1.694,216064550,1.689,1.698,1.68,1.694,216064550,0.0,1.0
2026-03-13 00:00:00,1.685,1.7,1.681,1.689,399899200,1.685,1.7,1.681,1.689,399899200,0.0,1.0
2026-03-16 00:00:00,1.683,1.689,1.675,1.683,191925910,1.683,1.689,1.675,1.683,191925910,0.0,1.0
2026-03-17 00:00:00,1.686,1.699,1.684,1.686,200064600,1.686,1.699,1.684,1.686,200064600,0.0,1.0
2026-03-18 00:00:00,1.699,1.7,1.679,1.692,160390600,1.699,1.7,1.679,1.692,160390600,0.0,1.0
2026-03-19 00:00:00,1.679,1.692,1.675,1.69,450590030,1.679,1.692,1.675,1.69,450590030,0.0,1.0
2026-03-20 00:00:00,1.671,1.687,1.67,1.677,208560080,1.671,1.687,1.67,1.677,208560080,0.0,1.0
2026-03-23 00:00:00,1.615,1.657,1.614,1.655,378828190,1.615,1.657,1.614,1.655,378828190,0.0,1.0
2026-03-24 00:00:00,1.652,1.653,1.629,1.629,452054560,1.652,1.653,1.629,1.629,452054560,0.0,1.0
2026-03-25 00:00:00,1.66,1.668,1.648,1.661,449632300,1.66,1.668,1.648,1.661,449632300,0.0,1.0
2026-03-26 00:00:00,1.649,1.668,1.646,1.662,161209400,1.649,1.668,1.646,1.662,161209400,0.0,1.0
2026-03-27 00:00:00,1.653,1.657,1.635,1.646,570408200,1.653,1.657,1.635,1.646,570408200,0.0,1.0
2026-03-30 00:00:00,1.643,1.646,1.63,1.638,204585300,1.643,1.646,1.63,1.638,204585300,0.0,1.0
2026-03-31 00:00:00,1.632,1.651,1.629,1.645,241439450,1.632,1.651,1.629,1.645,241439450,0.0,1.0
2026-04-01 00:00:00,1.65,1.66,1.642,1.642,165485980,1.65,1.66,1.642,1.642,165485980,0.0,1.0
2026-04-02 00:00:00,1.645,1.654,1.641,1.651,109600820,1.645,1.654,1.641,1.651,109600820,0.0,1.0
2026-04-03 00:00:00,1.641,1.654,1.64,1.648,71652600,1.641,1.654,1.64,1.648,71652600,0.0,1.0
2026-04-07 00:00:00,1.641,1.657,1.64,1.64,135881610,1.641,1.657,1.64,1.64,135881610,0.0,1.0
2026-04-08 00:00:00,1.662,1.674,1.654,1.672,193670700,1.662,1.674,1.654,1.672,193670700,0.0,1.0
2026-04-09 00:00:00,1.667,1.67,1.653,1.659,126016830,1.667,1.67,1.653,1.659,126016830,0.0,1.0
2026-04-10 00:00:00,1.675,1.684,1.669,1.669,306242600,1.675,1.684,1.669,1.669,306242600,0.0,1.0
2026-04-13 00:00:00,1.662,1.671,1.656,1.668,163599200,1.662,1.671,1.656,1.668,163599200,0.0,1.0
2026-04-14 00:00:00,1.67,1.673,1.665,1.666,116061300,1.67,1.673,1.665,1.666,116061300,0.0,1.0
2026-04-15 00:00:00,1.667,1.694,1.666,1.675,364621860,1.667,1.694,1.666,1.675,364621860,0.0,1.0
2026-04-16 00:00:00,1.668,1.673,1.665,1.667,168763440,1.668,1.673,1.665,1.667,168763440,0.0,1.0
2026-04-17 00:00:00,1.654,1.667,1.652,1.667,136057540,1.654,1.667,1.652,1.667,136057540,0.0,1.0
2026-04-21 00:00:00,1.692,1.697,1.662,1.662,301962740,1.692,1.697,1.662,1.662,301962740,0.0,1.0
2026-04-22 00:00:00,1.683,1.69,1.677,1.688,155817270,1.683,1.69,1.677,1.688,155817270,0.0,1.0
2026-04-23 00:00:00,1.691,1.694,1.677,1.685,194707900,1.691,1.694,1.677,1.685,194707900,0.0,1.0
2026-04-24 00:00:00,1.689,1.69,1.68,1.689,126465000,1.689,1.69,1.68,1.689,126465000,0.0,1.0
2026-04-27 00:00:00,1.679,1.689,1.673,1.688,162779900,1.679,1.689,1.673,1.688,162779900,0.0,1.0
2026-04-28 00:00:00,1.685,1.685,1.674,1.677,159470400,1.685,1.685,1.674,1.677,159470400,0.0,1.0
